{"cameraMode":{"drawMode":0,"name":"Shaded","section":"Shading Mode"},"sceneLighting":false,"audioPlay":false,"sceneViewState":{"m_AlwaysRefresh":false,"showFog":true,"showSkybox":false,"showFlares":true,"showImageEffects":true,"showParticleSystems":true,"showVisualEffectGraphs":true,"m_FxEnabled":true},"in2DMode":false,"pivot":{"x":256.7458801269531,"y":1.157421588897705,"z":116.02582550048828},"rotation":{"x":-0.0024492815136909487,"y":-0.9879616498947144,"z":0.1541794240474701,"w":-0.015375795774161816},"size":1.212440848350525,"orthographic":false}