{"cameraMode":{"drawMode":0,"name":"Shaded","section":"Shading Mode"},"sceneLighting":false,"audioPlay":false,"sceneViewState":{"m_AlwaysRefresh":false,"showFog":true,"showSkybox":false,"showFlares":true,"showImageEffects":true,"showParticleSystems":true,"showVisualEffectGraphs":true,"m_FxEnabled":true},"in2DMode":false,"pivot":{"x":-0.8144640326499939,"y":2.3037426471710207,"z":0.08442167937755585},"rotation":{"x":-0.011258689686655999,"y":-0.9884265661239624,"z":0.11949407309293747,"w":-0.09307991713285446},"size":0.3100682497024536,"orthographic":false}