{"cameraMode":{"drawMode":0,"name":"Shaded","section":"Shading Mode"},"sceneLighting":false,"audioPlay":false,"sceneViewState":{"m_AlwaysRefresh":false,"showFog":true,"showSkybox":false,"showFlares":true,"showImageEffects":true,"showParticleSystems":true,"showVisualEffectGraphs":true,"m_FxEnabled":true},"in2DMode":false,"pivot":{"x":-0.013309287838637829,"y":0.5744854211807251,"z":-0.3360862731933594},"rotation":{"x":-0.3342018127441406,"y":-0.016400188207626344,"z":0.005818542093038559,"w":-0.9423474669456482},"size":0.8660283088684082,"orthographic":false}